-- phpMyAdmin SQL Dump
-- version 5.2.0
-- https://www.phpmyadmin.net/
--
-- Hôte : 127.0.0.1
-- Généré le : lun. 24 avr. 2023 à 10:35
-- Version du serveur : 10.4.27-MariaDB
-- Version de PHP : 8.1.12

SET SQL_MODE = "NO_AUTO_VALUE_ON_ZERO";
START TRANSACTION;
SET time_zone = "+00:00";


/*!40101 SET @OLD_CHARACTER_SET_CLIENT=@@CHARACTER_SET_CLIENT */;
/*!40101 SET @OLD_CHARACTER_SET_RESULTS=@@CHARACTER_SET_RESULTS */;
/*!40101 SET @OLD_COLLATION_CONNECTION=@@COLLATION_CONNECTION */;
/*!40101 SET NAMES utf8mb4 */;

--
-- Base de données : `lefonddufilet`
--

-- --------------------------------------------------------

--
-- Structure de la table `article`
--

CREATE TABLE `article` (
  `id_article` int(11) NOT NULL,
  `title` varchar(50) NOT NULL,
  `id_category` int(11) NOT NULL
) ENGINE=InnoDB DEFAULT CHARSET=utf8 COLLATE=utf8_general_ci;

--
-- Déchargement des données de la table `article`
--

INSERT INTO `article` (`id_article`, `title`, `id_category`) VALUES
(5, 'Le premier', 2),
(6, 'Le deuxième', 1),
(7, 'le troisème', 2),
(8, 'Le quatrième', 3),
(9, 'le cinquième', 3),
(10, 'le sixième', 2),
(11, 'Lz sptième', 3),
(12, 'Le Huitième', 1),
(13, 'Le neuvième', 2),
(14, 'Le dixième', 3),
(15, 'Le onzième', 1),
(16, 'Le douzième', 1),
(17, 'Le treizième', 3),
(18, 'Le quatorzième', 2),
(19, 'Le quinzième', 2);

-- --------------------------------------------------------

--
-- Structure de la table `articlepicture`
--

CREATE TABLE `articlepicture` (
  `id_articlepicture` int(11) NOT NULL,
  `photo_link` varchar(255) NOT NULL,
  `alt` varchar(80) NOT NULL,
  `id_article` int(11) NOT NULL
) ENGINE=InnoDB DEFAULT CHARSET=utf8 COLLATE=utf8_general_ci;

--
-- Déchargement des données de la table `articlepicture`
--

INSERT INTO `articlepicture` (`id_articlepicture`, `photo_link`, `alt`, `id_article`) VALUES
(2, 'public/uploads/ballon.jpg', 'photo d&#039;un ballon', 5),
(3, 'public/uploads/but.jpg', 'photo d&#039;un but', 6),
(4, 'public/uploads/butvide.jpg', 'photo d&#039;un but vide', 7),
(5, 'public/uploads/discoursterrain.jpg', 'photo d&#039;un regroupement de joueur', 8),
(6, 'public/uploads/duel.jpg', 'photo d&#039;un duel pendant un match', 9),
(7, 'public/uploads/footfeminin.jpg', 'photo de joueuse de football', 10),
(8, 'public/uploads/gestetechnique.jpg', 'homme réalisant un geste technique', 11),
(9, 'public/uploads/herbe tondu.jpg', 'photo d&#039;un gazon fraichement tondu', 12),
(10, 'public/uploads/jongle.jpg', 'photo d&#039;un jeune homme entrain de jongler', 13),
(11, 'public/uploads/matchamateur.jpg', 'photo d&#039;un duel lors d&#039;un amtch amamteur', 14),
(12, 'public/uploads/photo-de-supporter.jpg', 'photo de supporter prise depuis une tribune', 15),
(13, 'public/uploads/photoenfant.jpg', 'photo d&#039;un enfant jouant au foot', 16),
(14, 'public/uploads/plage.jpg', 'phot d&#039;un homme avec un ballon de foot à la plage', 17),
(15, 'public/uploads/plongeon.jpg', 'photo d&#039;un gardien réalisant un plongeon', 18),
(16, 'public/uploads/reprise-de-volee.jpg', 'photo d&#039;un joueur effectuant une reprise de volée', 19);

-- --------------------------------------------------------

--
-- Structure de la table `category`
--

CREATE TABLE `category` (
  `id_category` int(11) NOT NULL,
  `category_name` varchar(50) NOT NULL
) ENGINE=InnoDB DEFAULT CHARSET=utf8 COLLATE=utf8_general_ci;

--
-- Déchargement des données de la table `category`
--

INSERT INTO `category` (`id_category`, `category_name`) VALUES
(1, 'Histoire'),
(2, 'Analyse'),
(3, 'Tableau noir');

-- --------------------------------------------------------

--
-- Structure de la table `paragraph`
--

CREATE TABLE `paragraph` (
  `id_paragraph` int(11) NOT NULL,
  `content` text NOT NULL,
  `id_article` int(11) NOT NULL
) ENGINE=InnoDB DEFAULT CHARSET=utf8 COLLATE=utf8_general_ci;

--
-- Déchargement des données de la table `paragraph`
--

INSERT INTO `paragraph` (`id_paragraph`, `content`, `id_article`) VALUES
(2, 'Lorem ipsum dolor sit amet, consectetur adipiscing elit. Quisque sapien velit, aliquet eget commodo nec, auctor a sapien. Nam eu neque vulputate diam rhoncus faucibus. Curabitur quis varius libero. Lorem ipsum dolor sit amet, consectetur adipiscing elit. Aliquam placerat sem at mauris suscipit porta. Cras metus velit, elementum sed pellentesque a, pharetra eu eros. Etiam facilisis placerat euismod. Nam faucibus neque arcu, quis accumsan leo tincidunt varius. In vel diam enim. Sed id ultrices ligula. Maecenas at urna arcu. Sed quis nulla sapien. Nam felis mauris, tincidunt at convallis id, tempor molestie libero. Quisque viverra sollicitudin nisl sit amet hendrerit. Etiam sit amet arcu sem. Morbi eu nibh condimentum, interdum est quis, tempor nisi. Vivamus convallis erat in pharetra elementum. Phasellus metus neque, commodo vitae venenatis sed, pellentesque non purus. Pellentesque egestas convallis suscipit. Ut luctus, leo quis porta vulputate, purus purus pellentesque ex, id consequat mi nisl quis eros. Integer ornare libero quis risus fermentum consequat. Mauris pharetra odio sagittis, vulputate magna at, lobortis nulla. Proin efficitur, nisi vel finibus elementum, orci sem volutpat eros, eget ultrices velit mi sagittis massa. Vestibulum sagittis ullamcorper cursus. Ut turpis dolor, tempor ut tellus et, sodales ultricies elit. Ut pharetra tristique est ac dictum. Integer ac consectetur purus, vehicula efficitur urna. Donec ultrices accumsan ipsum vitae faucibus. Quisque malesuada ex nisi, a bibendum erat commodo in. Pellentesque suscipit varius gravida. Nam scelerisque est sit amet laoreet pharetra. Vivamus quis ligula sed lacus mattis mollis. Vivamus facilisis orci rutrum nulla porta dignissim. Fusce fermentum id nibh laoreet volutpat. Suspendisse venenatis, risus sed euismod finibus, risus arcu fringilla augue, nec vulputate felis nisl et enim. In ornare, massa a cursus cursus, nisl mi ornare mauris, nec porttitor risus erat ut odio. Integer malesuada hendrerit purus ullamcorper molestie. Fusce imperdiet orci vitae purus suscipit rutrum.\r\nLorem ipsum dolor sit amet, consectetur adipiscing elit. Quisque sapien velit, aliquet eget commodo nec, auctor a sapien. Nam eu neque vulputate diam rhoncus faucibus. Curabitur quis varius libero. Lorem ipsum dolor sit amet, consectetur adipiscing elit. Aliquam placerat sem at mauris suscipit porta. Cras metus velit, elementum sed pellentesque a, pharetra eu eros. Etiam facilisis placerat euismod. Nam faucibus neque arcu, quis accumsan leo tincidunt varius. In vel diam enim. Sed id ultrices ligula. Maecenas at urna arcu. Sed quis nulla sapien. Nam felis mauris, tincidunt at convallis id, tempor molestie libero. Quisque viverra sollicitudin nisl sit amet hendrerit. Etiam sit amet arcu sem. Morbi eu nibh condimentum, interdum est quis, tempor nisi. Vivamus convallis erat in pharetra elementum. Phasellus metus neque, commodo vitae venenatis sed, pellentesque non purus. Pellentesque egestas convallis suscipit. Ut luctus, leo quis porta vulputate, purus purus pellentesque ex, id consequat mi nisl quis eros. Integer ornare libero quis risus fermentum consequat. Mauris pharetra odio sagittis, vulputate magna at, lobortis nulla. Proin efficitur, nisi vel finibus elementum, orci sem volutpat eros, eget ultrices velit mi sagittis massa. Vestibulum sagittis ullamcorper cursus. Ut turpis dolor, tempor ut tellus et, sodales ultricies elit. Ut pharetra tristique est ac dictum. Integer ac consectetur purus, vehicula efficitur urna. Donec ultrices accumsan ipsum vitae faucibus. Quisque malesuada ex nisi, a bibendum erat commodo in. Pellentesque suscipit varius gravida. Nam scelerisque est sit amet laoreet pharetra. Vivamus quis ligula sed lacus mattis mollis. Vivamus facilisis orci rutrum nulla porta dignissim. Fusce fermentum id nibh laoreet volutpat. Suspendisse venenatis, risus sed euismod finibus, risus arcu fringilla augue, nec vulputate felis nisl et enim. In ornare, massa a cursus cursus, nisl mi o', 5),
(3, 'Lorem ipsum dolor sit amet, consectetur adipiscing elit. Quisque sapien velit, aliquet eget commodo nec, auctor a sapien. Nam eu neque vulputate diam rhoncus faucibus. Curabitur quis varius libero. Lorem ipsum dolor sit amet, consectetur adipiscing elit. Aliquam placerat sem at mauris suscipit porta. Cras metus velit, elementum sed pellentesque a, pharetra eu eros. Etiam facilisis placerat euismod. Nam faucibus neque arcu, quis accumsan leo tincidunt varius. In vel diam enim. Sed id ultrices ligula. Maecenas at urna arcu. Sed quis nulla sapien. Nam felis mauris, tincidunt at convallis id, tempor molestie libero. Quisque viverra sollicitudin nisl sit amet hendrerit. Etiam sit amet arcu sem. Morbi eu nibh condimentum, interdum est quis, tempor nisi. Vivamus convallis erat in pharetra elementum. Phasellus metus neque, commodo vitae venenatis sed, pellentesque non purus. Pellentesque egestas convallis suscipit. Ut luctus, leo quis porta vulputate, purus purus pellentesque ex, id consequat mi nisl quis eros. Integer ornare libero quis risus fermentum consequat. Mauris pharetra odio sagittis, vulputate magna at, lobortis nulla. Proin efficitur, nisi vel finibus elementum, orci sem volutpat eros, eget ultrices velit mi sagittis massa. Vestibulum sagittis ullamcorper cursus. Ut turpis dolor, tempor ut tellus et, sodales ultricies elit. Ut pharetra tristique est ac dictum. Integer ac consectetur purus, vehicula efficitur urna. Donec ultrices accumsan ipsum vitae faucibus. Quisque malesuada ex nisi, a bibendum erat commodo in. Pellentesque suscipit varius gravida. Nam scelerisque est sit amet laoreet pharetra. Vivamus quis ligula sed lacus mattis mollis. Vivamus facilisis orci rutrum nulla porta dignissim. Fusce fermentum id nibh laoreet volutpat. Suspendisse venenatis, risus sed euismod finibus, risus arcu fringilla augue, nec vulputate felis nisl et enim. In ornare, massa a cursus cursus, nisl mi ornare mauris, nec porttitor risus erat ut odio. Integer malesuada hendrerit purus ullamcorper molestie. Fusce imperdiet orci vitae purus suscipit rutrum.Lorem ipsum dolor sit amet, consectetur adipiscing elit. Quisque sapien velit, aliquet eget commodo nec, auctor a sapien. Nam eu neque vulputate diam rhoncus faucibus. Curabitur quis varius libero. Lorem ipsum dolor sit amet, consectetur adipiscing elit. Aliquam placerat sem at mauris suscipit porta. Cras metus velit, elementum sed pellentesque a, pharetra eu eros. Etiam facilisis placerat euismod. Nam faucibus neque arcu, quis accumsan leo tincidunt varius. In vel diam enim. Sed id ultrices ligula. Maecenas at urna arcu. Sed quis nulla sapien. Nam felis mauris, tincidunt at convallis id, tempor molestie libero. Quisque viverra sollicitudin nisl sit amet hendrerit. Etiam sit amet arcu sem. Morbi eu nibh condimentum, interdum est quis, tempor nisi. Vivamus convallis erat in pharetra elementum. Phasellus metus neque, commodo vitae venenatis sed, pellentesque non purus. Pellentesque egestas convallis suscipit. Ut luctus, leo quis porta vulputate, purus purus pellentesque ex, id consequat mi nisl quis eros. Integer ornare libero quis risus fermentum consequat. Mauris pharetra odio sagittis, vulputate magna at, lobortis nulla. Proin efficitur, nisi vel finibus elementum, orci sem volutpat eros, eget ultrices velit mi sagittis massa. Vestibulum sagittis ullamcorper cursus. Ut turpis dolor, tempor ut tellus et, sodales ultricies elit. Ut pharetra tristique est ac dictum. Integer ac consectetur purus, vehicula efficitur urna. Donec ultrices accumsan ipsum vitae faucibus. Quisque malesuada ex nisi, a bibendum erat commodo in. Pellentesque suscipit varius gravida. Nam scelerisque est sit amet laoreet pharetra. Vivamus quis ligula sed lacus mattis mollis. Vivamus facilisis orci rutrum nulla porta dignissim. Fusce fermentum id nibh laoreet volutpat. Suspendisse venenatis, risus sed euismod finibus, risus arcu fringilla augue, nec vulputate felis nisl et enim. In ornare, massa a cursus cursus, nisl mi or', 6),
(4, 'Lorem ipsum dolor sit amet, consectetur adipiscing elit. Quisque sapien velit, aliquet eget commodo nec, auctor a sapien. Nam eu neque vulputate diam rhoncus faucibus. Curabitur quis varius libero. Lorem ipsum dolor sit amet, consectetur adipiscing elit. Aliquam placerat sem at mauris suscipit porta. Cras metus velit, elementum sed pellentesque a, pharetra eu eros. Etiam facilisis placerat euismod. Nam faucibus neque arcu, quis accumsan leo tincidunt varius. In vel diam enim. Sed id ultrices ligula. Maecenas at urna arcu. Sed quis nulla sapien. Nam felis mauris, tincidunt at convallis id, tempor molestie libero. Quisque viverra sollicitudin nisl sit amet hendrerit. Etiam sit amet arcu sem. Morbi eu nibh condimentum, interdum est quis, tempor nisi. Vivamus convallis erat in pharetra elementum. Phasellus metus neque, commodo vitae venenatis sed, pellentesque non purus. Pellentesque egestas convallis suscipit. Ut luctus, leo quis porta vulputate, purus purus pellentesque ex, id consequat mi nisl quis eros. Integer ornare libero quis risus fermentum consequat. Mauris pharetra odio sagittis, vulputate magna at, lobortis nulla. Proin efficitur, nisi vel finibus elementum, orci sem volutpat eros, eget ultrices velit mi sagittis massa. Vestibulum sagittis ullamcorper cursus. Ut turpis dolor, tempor ut tellus et, sodales ultricies elit. Ut pharetra tristique est ac dictum. Integer ac consectetur purus, vehicula efficitur urna. Donec ultrices accumsan ipsum vitae faucibus. Quisque malesuada ex nisi, a bibendum erat commodo in. Pellentesque suscipit varius gravida. Nam scelerisque est sit amet laoreet pharetra. Vivamus quis ligula sed lacus mattis mollis. Vivamus facilisis orci rutrum nulla porta dignissim. Fusce fermentum id nibh laoreet volutpat. Suspendisse venenatis, risus sed euismod finibus, risus arcu fringilla augue, nec vulputate felis nisl et enim. In ornare, massa a cursus cursus, nisl mi ornare mauris, nec porttitor risus erat ut odio. Integer malesuada hendrerit purus ullamcorper molestie. Fusce imperdiet orci vitae purus suscipit rutrum.Lorem ipsum dolor sit amet, consectetur adipiscing elit. Quisque sapien velit, aliquet eget commodo nec, auctor a sapien. Nam eu neque vulputate diam rhoncus faucibus. Curabitur quis varius libero. Lorem ipsum dolor sit amet, consectetur adipiscing elit. Aliquam placerat sem at mauris suscipit porta. Cras metus velit, elementum sed pellentesque a, pharetra eu eros. Etiam facilisis placerat euismod. Nam faucibus neque arcu, quis accumsan leo tincidunt varius. In vel diam enim. Sed id ultrices ligula. Maecenas at urna arcu. Sed quis nulla sapien. Nam felis mauris, tincidunt at convallis id, tempor molestie libero. Quisque viverra sollicitudin nisl sit amet hendrerit. Etiam sit amet arcu sem. Morbi eu nibh condimentum, interdum est quis, tempor nisi. Vivamus convallis erat in pharetra elementum. Phasellus metus neque, commodo vitae venenatis sed, pellentesque non purus. Pellentesque egestas convallis suscipit. Ut luctus, leo quis porta vulputate, purus purus pellentesque ex, id consequat mi nisl quis eros. Integer ornare libero quis risus fermentum consequat. Mauris pharetra odio sagittis, vulputate magna at, lobortis nulla. Proin efficitur, nisi vel finibus elementum, orci sem volutpat eros, eget ultrices velit mi sagittis massa. Vestibulum sagittis ullamcorper cursus. Ut turpis dolor, tempor ut tellus et, sodales ultricies elit. Ut pharetra tristique est ac dictum. Integer ac consectetur purus, vehicula efficitur urna. Donec ultrices accumsan ipsum vitae faucibus. Quisque malesuada ex nisi, a bibendum erat commodo in. Pellentesque suscipit varius gravida. Nam scelerisque est sit amet laoreet pharetra. Vivamus quis ligula sed lacus mattis mollis. Vivamus facilisis orci rutrum nulla porta dignissim. Fusce fermentum id nibh laoreet volutpat. Suspendisse venenatis, risus sed euismod finibus, risus arcu fringilla augue, nec vulputate felis nisl et enim. In ornare, massa a cursus cursus, nisl mi or', 7),
(5, 'Lorem ipsum dolor sit amet, consectetur adipiscing elit. Quisque sapien velit, aliquet eget commodo nec, auctor a sapien. Nam eu neque vulputate diam rhoncus faucibus. Curabitur quis varius libero. Lorem ipsum dolor sit amet, consectetur adipiscing elit. Aliquam placerat sem at mauris suscipit porta. Cras metus velit, elementum sed pellentesque a, pharetra eu eros. Etiam facilisis placerat euismod. Nam faucibus neque arcu, quis accumsan leo tincidunt varius. In vel diam enim. Sed id ultrices ligula. Maecenas at urna arcu. Sed quis nulla sapien. Nam felis mauris, tincidunt at convallis id, tempor molestie libero. Quisque viverra sollicitudin nisl sit amet hendrerit. Etiam sit amet arcu sem. Morbi eu nibh condimentum, interdum est quis, tempor nisi. Vivamus convallis erat in pharetra elementum. Phasellus metus neque, commodo vitae venenatis sed, pellentesque non purus. Pellentesque egestas convallis suscipit. Ut luctus, leo quis porta vulputate, purus purus pellentesque ex, id consequat mi nisl quis eros. Integer ornare libero quis risus fermentum consequat. Mauris pharetra odio sagittis, vulputate magna at, lobortis nulla. Proin efficitur, nisi vel finibus elementum, orci sem volutpat eros, eget ultrices velit mi sagittis massa. Vestibulum sagittis ullamcorper cursus. Ut turpis dolor, tempor ut tellus et, sodales ultricies elit. Ut pharetra tristique est ac dictum. Integer ac consectetur purus, vehicula efficitur urna. Donec ultrices accumsan ipsum vitae faucibus. Quisque malesuada ex nisi, a bibendum erat commodo in. Pellentesque suscipit varius gravida. Nam scelerisque est sit amet laoreet pharetra. Vivamus quis ligula sed lacus mattis mollis. Vivamus facilisis orci rutrum nulla porta dignissim. Fusce fermentum id nibh laoreet volutpat. Suspendisse venenatis, risus sed euismod finibus, risus arcu fringilla augue, nec vulputate felis nisl et enim. In ornare, massa a cursus cursus, nisl mi ornare mauris, nec porttitor risus erat ut odio. Integer malesuada hendrerit purus ullamcorper molestie. Fusce imperdiet orci vitae purus suscipit rutrum.Lorem ipsum dolor sit amet, consectetur adipiscing elit. Quisque sapien velit, aliquet eget commodo nec, auctor a sapien. Nam eu neque vulputate diam rhoncus faucibus. Curabitur quis varius libero. Lorem ipsum dolor sit amet, consectetur adipiscing elit. Aliquam placerat sem at mauris suscipit porta. Cras metus velit, elementum sed pellentesque a, pharetra eu eros. Etiam facilisis placerat euismod. Nam faucibus neque arcu, quis accumsan leo tincidunt varius. In vel diam enim. Sed id ultrices ligula. Maecenas at urna arcu. Sed quis nulla sapien. Nam felis mauris, tincidunt at convallis id, tempor molestie libero. Quisque viverra sollicitudin nisl sit amet hendrerit. Etiam sit amet arcu sem. Morbi eu nibh condimentum, interdum est quis, tempor nisi. Vivamus convallis erat in pharetra elementum. Phasellus metus neque, commodo vitae venenatis sed, pellentesque non purus. Pellentesque egestas convallis suscipit. Ut luctus, leo quis porta vulputate, purus purus pellentesque ex, id consequat mi nisl quis eros. Integer ornare libero quis risus fermentum consequat. Mauris pharetra odio sagittis, vulputate magna at, lobortis nulla. Proin efficitur, nisi vel finibus elementum, orci sem volutpat eros, eget ultrices velit mi sagittis massa. Vestibulum sagittis ullamcorper cursus. Ut turpis dolor, tempor ut tellus et, sodales ultricies elit. Ut pharetra tristique est ac dictum. Integer ac consectetur purus, vehicula efficitur urna. Donec ultrices accumsan ipsum vitae faucibus. Quisque malesuada ex nisi, a bibendum erat commodo in. Pellentesque suscipit varius gravida. Nam scelerisque est sit amet laoreet pharetra. Vivamus quis ligula sed lacus mattis mollis. Vivamus facilisis orci rutrum nulla porta dignissim. Fusce fermentum id nibh laoreet volutpat. Suspendisse venenatis, risus sed euismod finibus, risus arcu fringilla augue, nec vulputate felis nisl et enim. In ornare, massa a cursus cursus, nisl mi or', 8),
(6, 'Lorem ipsum dolor sit amet, consectetur adipiscing elit. Quisque sapien velit, aliquet eget commodo nec, auctor a sapien. Nam eu neque vulputate diam rhoncus faucibus. Curabitur quis varius libero. Lorem ipsum dolor sit amet, consectetur adipiscing elit. Aliquam placerat sem at mauris suscipit porta. Cras metus velit, elementum sed pellentesque a, pharetra eu eros. Etiam facilisis placerat euismod. Nam faucibus neque arcu, quis accumsan leo tincidunt varius. In vel diam enim. Sed id ultrices ligula. Maecenas at urna arcu. Sed quis nulla sapien. Nam felis mauris, tincidunt at convallis id, tempor molestie libero. Quisque viverra sollicitudin nisl sit amet hendrerit. Etiam sit amet arcu sem. Morbi eu nibh condimentum, interdum est quis, tempor nisi. Vivamus convallis erat in pharetra elementum. Phasellus metus neque, commodo vitae venenatis sed, pellentesque non purus. Pellentesque egestas convallis suscipit. Ut luctus, leo quis porta vulputate, purus purus pellentesque ex, id consequat mi nisl quis eros. Integer ornare libero quis risus fermentum consequat. Mauris pharetra odio sagittis, vulputate magna at, lobortis nulla. Proin efficitur, nisi vel finibus elementum, orci sem volutpat eros, eget ultrices velit mi sagittis massa. Vestibulum sagittis ullamcorper cursus. Ut turpis dolor, tempor ut tellus et, sodales ultricies elit. Ut pharetra tristique est ac dictum. Integer ac consectetur purus, vehicula efficitur urna. Donec ultrices accumsan ipsum vitae faucibus. Quisque malesuada ex nisi, a bibendum erat commodo in. Pellentesque suscipit varius gravida. Nam scelerisque est sit amet laoreet pharetra. Vivamus quis ligula sed lacus mattis mollis. Vivamus facilisis orci rutrum nulla porta dignissim. Fusce fermentum id nibh laoreet volutpat. Suspendisse venenatis, risus sed euismod finibus, risus arcu fringilla augue, nec vulputate felis nisl et enim. In ornare, massa a cursus cursus, nisl mi ornare mauris, nec porttitor risus erat ut odio. Integer malesuada hendrerit purus ullamcorper molestie. Fusce imperdiet orci vitae purus suscipit rutrum.Lorem ipsum dolor sit amet, consectetur adipiscing elit. Quisque sapien velit, aliquet eget commodo nec, auctor a sapien. Nam eu neque vulputate diam rhoncus faucibus. Curabitur quis varius libero. Lorem ipsum dolor sit amet, consectetur adipiscing elit. Aliquam placerat sem at mauris suscipit porta. Cras metus velit, elementum sed pellentesque a, pharetra eu eros. Etiam facilisis placerat euismod. Nam faucibus neque arcu, quis accumsan leo tincidunt varius. In vel diam enim. Sed id ultrices ligula. Maecenas at urna arcu. Sed quis nulla sapien. Nam felis mauris, tincidunt at convallis id, tempor molestie libero. Quisque viverra sollicitudin nisl sit amet hendrerit. Etiam sit amet arcu sem. Morbi eu nibh condimentum, interdum est quis, tempor nisi. Vivamus convallis erat in pharetra elementum. Phasellus metus neque, commodo vitae venenatis sed, pellentesque non purus. Pellentesque egestas convallis suscipit. Ut luctus, leo quis porta vulputate, purus purus pellentesque ex, id consequat mi nisl quis eros. Integer ornare libero quis risus fermentum consequat. Mauris pharetra odio sagittis, vulputate magna at, lobortis nulla. Proin efficitur, nisi vel finibus elementum, orci sem volutpat eros, eget ultrices velit mi sagittis massa. Vestibulum sagittis ullamcorper cursus. Ut turpis dolor, tempor ut tellus et, sodales ultricies elit. Ut pharetra tristique est ac dictum. Integer ac consectetur purus, vehicula efficitur urna. Donec ultrices accumsan ipsum vitae faucibus. Quisque malesuada ex nisi, a bibendum erat commodo in. Pellentesque suscipit varius gravida. Nam scelerisque est sit amet laoreet pharetra. Vivamus quis ligula sed lacus mattis mollis. Vivamus facilisis orci rutrum nulla porta dignissim. Fusce fermentum id nibh laoreet volutpat. Suspendisse venenatis, risus sed euismod finibus, risus arcu fringilla augue, nec vulputate felis nisl et enim. In ornare, massa a cursus cursus, nisl mi or', 9),
(7, 'Lorem ipsum dolor sit amet, consectetur adipiscing elit. Quisque sapien velit, aliquet eget commodo nec, auctor a sapien. Nam eu neque vulputate diam rhoncus faucibus. Curabitur quis varius libero. Lorem ipsum dolor sit amet, consectetur adipiscing elit. Aliquam placerat sem at mauris suscipit porta. Cras metus velit, elementum sed pellentesque a, pharetra eu eros. Etiam facilisis placerat euismod. Nam faucibus neque arcu, quis accumsan leo tincidunt varius. In vel diam enim. Sed id ultrices ligula. Maecenas at urna arcu. Sed quis nulla sapien. Nam felis mauris, tincidunt at convallis id, tempor molestie libero. Quisque viverra sollicitudin nisl sit amet hendrerit. Etiam sit amet arcu sem. Morbi eu nibh condimentum, interdum est quis, tempor nisi. Vivamus convallis erat in pharetra elementum. Phasellus metus neque, commodo vitae venenatis sed, pellentesque non purus. Pellentesque egestas convallis suscipit. Ut luctus, leo quis porta vulputate, purus purus pellentesque ex, id consequat mi nisl quis eros. Integer ornare libero quis risus fermentum consequat. Mauris pharetra odio sagittis, vulputate magna at, lobortis nulla. Proin efficitur, nisi vel finibus elementum, orci sem volutpat eros, eget ultrices velit mi sagittis massa. Vestibulum sagittis ullamcorper cursus. Ut turpis dolor, tempor ut tellus et, sodales ultricies elit. Ut pharetra tristique est ac dictum. Integer ac consectetur purus, vehicula efficitur urna. Donec ultrices accumsan ipsum vitae faucibus. Quisque malesuada ex nisi, a bibendum erat commodo in. Pellentesque suscipit varius gravida. Nam scelerisque est sit amet laoreet pharetra. Vivamus quis ligula sed lacus mattis mollis. Vivamus facilisis orci rutrum nulla porta dignissim. Fusce fermentum id nibh laoreet volutpat. Suspendisse venenatis, risus sed euismod finibus, risus arcu fringilla augue, nec vulputate felis nisl et enim. In ornare, massa a cursus cursus, nisl mi ornare mauris, nec porttitor risus erat ut odio. Integer malesuada hendrerit purus ullamcorper molestie. Fusce imperdiet orci vitae purus suscipit rutrum.Lorem ipsum dolor sit amet, consectetur adipiscing elit. Quisque sapien velit, aliquet eget commodo nec, auctor a sapien. Nam eu neque vulputate diam rhoncus faucibus. Curabitur quis varius libero. Lorem ipsum dolor sit amet, consectetur adipiscing elit. Aliquam placerat sem at mauris suscipit porta. Cras metus velit, elementum sed pellentesque a, pharetra eu eros. Etiam facilisis placerat euismod. Nam faucibus neque arcu, quis accumsan leo tincidunt varius. In vel diam enim. Sed id ultrices ligula. Maecenas at urna arcu. Sed quis nulla sapien. Nam felis mauris, tincidunt at convallis id, tempor molestie libero. Quisque viverra sollicitudin nisl sit amet hendrerit. Etiam sit amet arcu sem. Morbi eu nibh condimentum, interdum est quis, tempor nisi. Vivamus convallis erat in pharetra elementum. Phasellus metus neque, commodo vitae venenatis sed, pellentesque non purus. Pellentesque egestas convallis suscipit. Ut luctus, leo quis porta vulputate, purus purus pellentesque ex, id consequat mi nisl quis eros. Integer ornare libero quis risus fermentum consequat. Mauris pharetra odio sagittis, vulputate magna at, lobortis nulla. Proin efficitur, nisi vel finibus elementum, orci sem volutpat eros, eget ultrices velit mi sagittis massa. Vestibulum sagittis ullamcorper cursus. Ut turpis dolor, tempor ut tellus et, sodales ultricies elit. Ut pharetra tristique est ac dictum. Integer ac consectetur purus, vehicula efficitur urna. Donec ultrices accumsan ipsum vitae faucibus. Quisque malesuada ex nisi, a bibendum erat commodo in. Pellentesque suscipit varius gravida. Nam scelerisque est sit amet laoreet pharetra. Vivamus quis ligula sed lacus mattis mollis. Vivamus facilisis orci rutrum nulla porta dignissim. Fusce fermentum id nibh laoreet volutpat. Suspendisse venenatis, risus sed euismod finibus, risus arcu fringilla augue, nec vulputate felis nisl et enim. In ornare, massa a cursus cursus, nisl mi or', 10),
(8, 'Lorem ipsum dolor sit amet, consectetur adipiscing elit. Quisque sapien velit, aliquet eget commodo nec, auctor a sapien. Nam eu neque vulputate diam rhoncus faucibus. Curabitur quis varius libero. Lorem ipsum dolor sit amet, consectetur adipiscing elit. Aliquam placerat sem at mauris suscipit porta. Cras metus velit, elementum sed pellentesque a, pharetra eu eros. Etiam facilisis placerat euismod. Nam faucibus neque arcu, quis accumsan leo tincidunt varius. In vel diam enim. Sed id ultrices ligula. Maecenas at urna arcu. Sed quis nulla sapien. Nam felis mauris, tincidunt at convallis id, tempor molestie libero. Quisque viverra sollicitudin nisl sit amet hendrerit. Etiam sit amet arcu sem. Morbi eu nibh condimentum, interdum est quis, tempor nisi. Vivamus convallis erat in pharetra elementum. Phasellus metus neque, commodo vitae venenatis sed, pellentesque non purus. Pellentesque egestas convallis suscipit. Ut luctus, leo quis porta vulputate, purus purus pellentesque ex, id consequat mi nisl quis eros. Integer ornare libero quis risus fermentum consequat. Mauris pharetra odio sagittis, vulputate magna at, lobortis nulla. Proin efficitur, nisi vel finibus elementum, orci sem volutpat eros, eget ultrices velit mi sagittis massa. Vestibulum sagittis ullamcorper cursus. Ut turpis dolor, tempor ut tellus et, sodales ultricies elit. Ut pharetra tristique est ac dictum. Integer ac consectetur purus, vehicula efficitur urna. Donec ultrices accumsan ipsum vitae faucibus. Quisque malesuada ex nisi, a bibendum erat commodo in. Pellentesque suscipit varius gravida. Nam scelerisque est sit amet laoreet pharetra. Vivamus quis ligula sed lacus mattis mollis. Vivamus facilisis orci rutrum nulla porta dignissim. Fusce fermentum id nibh laoreet volutpat. Suspendisse venenatis, risus sed euismod finibus, risus arcu fringilla augue, nec vulputate felis nisl et enim. In ornare, massa a cursus cursus, nisl mi ornare mauris, nec porttitor risus erat ut odio. Integer malesuada hendrerit purus ullamcorper molestie. Fusce imperdiet orci vitae purus suscipit rutrum.Lorem ipsum dolor sit amet, consectetur adipiscing elit. Quisque sapien velit, aliquet eget commodo nec, auctor a sapien. Nam eu neque vulputate diam rhoncus faucibus. Curabitur quis varius libero. Lorem ipsum dolor sit amet, consectetur adipiscing elit. Aliquam placerat sem at mauris suscipit porta. Cras metus velit, elementum sed pellentesque a, pharetra eu eros. Etiam facilisis placerat euismod. Nam faucibus neque arcu, quis accumsan leo tincidunt varius. In vel diam enim. Sed id ultrices ligula. Maecenas at urna arcu. Sed quis nulla sapien. Nam felis mauris, tincidunt at convallis id, tempor molestie libero. Quisque viverra sollicitudin nisl sit amet hendrerit. Etiam sit amet arcu sem. Morbi eu nibh condimentum, interdum est quis, tempor nisi. Vivamus convallis erat in pharetra elementum. Phasellus metus neque, commodo vitae venenatis sed, pellentesque non purus. Pellentesque egestas convallis suscipit. Ut luctus, leo quis porta vulputate, purus purus pellentesque ex, id consequat mi nisl quis eros. Integer ornare libero quis risus fermentum consequat. Mauris pharetra odio sagittis, vulputate magna at, lobortis nulla. Proin efficitur, nisi vel finibus elementum, orci sem volutpat eros, eget ultrices velit mi sagittis massa. Vestibulum sagittis ullamcorper cursus. Ut turpis dolor, tempor ut tellus et, sodales ultricies elit. Ut pharetra tristique est ac dictum. Integer ac consectetur purus, vehicula efficitur urna. Donec ultrices accumsan ipsum vitae faucibus. Quisque malesuada ex nisi, a bibendum erat commodo in. Pellentesque suscipit varius gravida. Nam scelerisque est sit amet laoreet pharetra. Vivamus quis ligula sed lacus mattis mollis. Vivamus facilisis orci rutrum nulla porta dignissim. Fusce fermentum id nibh laoreet volutpat. Suspendisse venenatis, risus sed euismod finibus, risus arcu fringilla augue, nec vulputate felis nisl et enim. In ornare, massa a cursus cursus, nisl mi or', 11),
(9, 'Lorem ipsum dolor sit amet, consectetur adipiscing elit. Quisque sapien velit, aliquet eget commodo nec, auctor a sapien. Nam eu neque vulputate diam rhoncus faucibus. Curabitur quis varius libero. Lorem ipsum dolor sit amet, consectetur adipiscing elit. Aliquam placerat sem at mauris suscipit porta. Cras metus velit, elementum sed pellentesque a, pharetra eu eros. Etiam facilisis placerat euismod. Nam faucibus neque arcu, quis accumsan leo tincidunt varius. In vel diam enim. Sed id ultrices ligula. Maecenas at urna arcu. Sed quis nulla sapien. Nam felis mauris, tincidunt at convallis id, tempor molestie libero. Quisque viverra sollicitudin nisl sit amet hendrerit. Etiam sit amet arcu sem. Morbi eu nibh condimentum, interdum est quis, tempor nisi. Vivamus convallis erat in pharetra elementum. Phasellus metus neque, commodo vitae venenatis sed, pellentesque non purus. Pellentesque egestas convallis suscipit. Ut luctus, leo quis porta vulputate, purus purus pellentesque ex, id consequat mi nisl quis eros. Integer ornare libero quis risus fermentum consequat. Mauris pharetra odio sagittis, vulputate magna at, lobortis nulla. Proin efficitur, nisi vel finibus elementum, orci sem volutpat eros, eget ultrices velit mi sagittis massa. Vestibulum sagittis ullamcorper cursus. Ut turpis dolor, tempor ut tellus et, sodales ultricies elit. Ut pharetra tristique est ac dictum. Integer ac consectetur purus, vehicula efficitur urna. Donec ultrices accumsan ipsum vitae faucibus. Quisque malesuada ex nisi, a bibendum erat commodo in. Pellentesque suscipit varius gravida. Nam scelerisque est sit amet laoreet pharetra. Vivamus quis ligula sed lacus mattis mollis. Vivamus facilisis orci rutrum nulla porta dignissim. Fusce fermentum id nibh laoreet volutpat. Suspendisse venenatis, risus sed euismod finibus, risus arcu fringilla augue, nec vulputate felis nisl et enim. In ornare, massa a cursus cursus, nisl mi ornare mauris, nec porttitor risus erat ut odio. Integer malesuada hendrerit purus ullamcorper molestie. Fusce imperdiet orci vitae purus suscipit rutrum.Lorem ipsum dolor sit amet, consectetur adipiscing elit. Quisque sapien velit, aliquet eget commodo nec, auctor a sapien. Nam eu neque vulputate diam rhoncus faucibus. Curabitur quis varius libero. Lorem ipsum dolor sit amet, consectetur adipiscing elit. Aliquam placerat sem at mauris suscipit porta. Cras metus velit, elementum sed pellentesque a, pharetra eu eros. Etiam facilisis placerat euismod. Nam faucibus neque arcu, quis accumsan leo tincidunt varius. In vel diam enim. Sed id ultrices ligula. Maecenas at urna arcu. Sed quis nulla sapien. Nam felis mauris, tincidunt at convallis id, tempor molestie libero. Quisque viverra sollicitudin nisl sit amet hendrerit. Etiam sit amet arcu sem. Morbi eu nibh condimentum, interdum est quis, tempor nisi. Vivamus convallis erat in pharetra elementum. Phasellus metus neque, commodo vitae venenatis sed, pellentesque non purus. Pellentesque egestas convallis suscipit. Ut luctus, leo quis porta vulputate, purus purus pellentesque ex, id consequat mi nisl quis eros. Integer ornare libero quis risus fermentum consequat. Mauris pharetra odio sagittis, vulputate magna at, lobortis nulla. Proin efficitur, nisi vel finibus elementum, orci sem volutpat eros, eget ultrices velit mi sagittis massa. Vestibulum sagittis ullamcorper cursus. Ut turpis dolor, tempor ut tellus et, sodales ultricies elit. Ut pharetra tristique est ac dictum. Integer ac consectetur purus, vehicula efficitur urna. Donec ultrices accumsan ipsum vitae faucibus. Quisque malesuada ex nisi, a bibendum erat commodo in. Pellentesque suscipit varius gravida. Nam scelerisque est sit amet laoreet pharetra. Vivamus quis ligula sed lacus mattis mollis. Vivamus facilisis orci rutrum nulla porta dignissim. Fusce fermentum id nibh laoreet volutpat. Suspendisse venenatis, risus sed euismod finibus, risus arcu fringilla augue, nec vulputate felis nisl et enim. In ornare, massa a cursus cursus, nisl mi or', 12),
(10, 'Lorem ipsum dolor sit amet, consectetur adipiscing elit. Quisque sapien velit, aliquet eget commodo nec, auctor a sapien. Nam eu neque vulputate diam rhoncus faucibus. Curabitur quis varius libero. Lorem ipsum dolor sit amet, consectetur adipiscing elit. Aliquam placerat sem at mauris suscipit porta. Cras metus velit, elementum sed pellentesque a, pharetra eu eros. Etiam facilisis placerat euismod. Nam faucibus neque arcu, quis accumsan leo tincidunt varius. In vel diam enim. Sed id ultrices ligula. Maecenas at urna arcu. Sed quis nulla sapien. Nam felis mauris, tincidunt at convallis id, tempor molestie libero. Quisque viverra sollicitudin nisl sit amet hendrerit. Etiam sit amet arcu sem. Morbi eu nibh condimentum, interdum est quis, tempor nisi. Vivamus convallis erat in pharetra elementum. Phasellus metus neque, commodo vitae venenatis sed, pellentesque non purus. Pellentesque egestas convallis suscipit. Ut luctus, leo quis porta vulputate, purus purus pellentesque ex, id consequat mi nisl quis eros. Integer ornare libero quis risus fermentum consequat. Mauris pharetra odio sagittis, vulputate magna at, lobortis nulla. Proin efficitur, nisi vel finibus elementum, orci sem volutpat eros, eget ultrices velit mi sagittis massa. Vestibulum sagittis ullamcorper cursus. Ut turpis dolor, tempor ut tellus et, sodales ultricies elit. Ut pharetra tristique est ac dictum. Integer ac consectetur purus, vehicula efficitur urna. Donec ultrices accumsan ipsum vitae faucibus. Quisque malesuada ex nisi, a bibendum erat commodo in. Pellentesque suscipit varius gravida. Nam scelerisque est sit amet laoreet pharetra. Vivamus quis ligula sed lacus mattis mollis. Vivamus facilisis orci rutrum nulla porta dignissim. Fusce fermentum id nibh laoreet volutpat. Suspendisse venenatis, risus sed euismod finibus, risus arcu fringilla augue, nec vulputate felis nisl et enim. In ornare, massa a cursus cursus, nisl mi ornare mauris, nec porttitor risus erat ut odio. Integer malesuada hendrerit purus ullamcorper molestie. Fusce imperdiet orci vitae purus suscipit rutrum.Lorem ipsum dolor sit amet, consectetur adipiscing elit. Quisque sapien velit, aliquet eget commodo nec, auctor a sapien. Nam eu neque vulputate diam rhoncus faucibus. Curabitur quis varius libero. Lorem ipsum dolor sit amet, consectetur adipiscing elit. Aliquam placerat sem at mauris suscipit porta. Cras metus velit, elementum sed pellentesque a, pharetra eu eros. Etiam facilisis placerat euismod. Nam faucibus neque arcu, quis accumsan leo tincidunt varius. In vel diam enim. Sed id ultrices ligula. Maecenas at urna arcu. Sed quis nulla sapien. Nam felis mauris, tincidunt at convallis id, tempor molestie libero. Quisque viverra sollicitudin nisl sit amet hendrerit. Etiam sit amet arcu sem. Morbi eu nibh condimentum, interdum est quis, tempor nisi. Vivamus convallis erat in pharetra elementum. Phasellus metus neque, commodo vitae venenatis sed, pellentesque non purus. Pellentesque egestas convallis suscipit. Ut luctus, leo quis porta vulputate, purus purus pellentesque ex, id consequat mi nisl quis eros. Integer ornare libero quis risus fermentum consequat. Mauris pharetra odio sagittis, vulputate magna at, lobortis nulla. Proin efficitur, nisi vel finibus elementum, orci sem volutpat eros, eget ultrices velit mi sagittis massa. Vestibulum sagittis ullamcorper cursus. Ut turpis dolor, tempor ut tellus et, sodales ultricies elit. Ut pharetra tristique est ac dictum. Integer ac consectetur purus, vehicula efficitur urna. Donec ultrices accumsan ipsum vitae faucibus. Quisque malesuada ex nisi, a bibendum erat commodo in. Pellentesque suscipit varius gravida. Nam scelerisque est sit amet laoreet pharetra. Vivamus quis ligula sed lacus mattis mollis. Vivamus facilisis orci rutrum nulla porta dignissim. Fusce fermentum id nibh laoreet volutpat. Suspendisse venenatis, risus sed euismod finibus, risus arcu fringilla augue, nec vulputate felis nisl et enim. In ornare, massa a cursus cursus, nisl mi or', 13),
(11, 'Lorem ipsum dolor sit amet, consectetur adipiscing elit. Quisque sapien velit, aliquet eget commodo nec, auctor a sapien. Nam eu neque vulputate diam rhoncus faucibus. Curabitur quis varius libero. Lorem ipsum dolor sit amet, consectetur adipiscing elit. Aliquam placerat sem at mauris suscipit porta. Cras metus velit, elementum sed pellentesque a, pharetra eu eros. Etiam facilisis placerat euismod. Nam faucibus neque arcu, quis accumsan leo tincidunt varius. In vel diam enim. Sed id ultrices ligula. Maecenas at urna arcu. Sed quis nulla sapien. Nam felis mauris, tincidunt at convallis id, tempor molestie libero. Quisque viverra sollicitudin nisl sit amet hendrerit. Etiam sit amet arcu sem. Morbi eu nibh condimentum, interdum est quis, tempor nisi. Vivamus convallis erat in pharetra elementum. Phasellus metus neque, commodo vitae venenatis sed, pellentesque non purus. Pellentesque egestas convallis suscipit. Ut luctus, leo quis porta vulputate, purus purus pellentesque ex, id consequat mi nisl quis eros. Integer ornare libero quis risus fermentum consequat. Mauris pharetra odio sagittis, vulputate magna at, lobortis nulla. Proin efficitur, nisi vel finibus elementum, orci sem volutpat eros, eget ultrices velit mi sagittis massa. Vestibulum sagittis ullamcorper cursus. Ut turpis dolor, tempor ut tellus et, sodales ultricies elit. Ut pharetra tristique est ac dictum. Integer ac consectetur purus, vehicula efficitur urna. Donec ultrices accumsan ipsum vitae faucibus. Quisque malesuada ex nisi, a bibendum erat commodo in. Pellentesque suscipit varius gravida. Nam scelerisque est sit amet laoreet pharetra. Vivamus quis ligula sed lacus mattis mollis. Vivamus facilisis orci rutrum nulla porta dignissim. Fusce fermentum id nibh laoreet volutpat. Suspendisse venenatis, risus sed euismod finibus, risus arcu fringilla augue, nec vulputate felis nisl et enim. In ornare, massa a cursus cursus, nisl mi ornare mauris, nec porttitor risus erat ut odio. Integer malesuada hendrerit purus ullamcorper molestie. Fusce imperdiet orci vitae purus suscipit rutrum.Lorem ipsum dolor sit amet, consectetur adipiscing elit. Quisque sapien velit, aliquet eget commodo nec, auctor a sapien. Nam eu neque vulputate diam rhoncus faucibus. Curabitur quis varius libero. Lorem ipsum dolor sit amet, consectetur adipiscing elit. Aliquam placerat sem at mauris suscipit porta. Cras metus velit, elementum sed pellentesque a, pharetra eu eros. Etiam facilisis placerat euismod. Nam faucibus neque arcu, quis accumsan leo tincidunt varius. In vel diam enim. Sed id ultrices ligula. Maecenas at urna arcu. Sed quis nulla sapien. Nam felis mauris, tincidunt at convallis id, tempor molestie libero. Quisque viverra sollicitudin nisl sit amet hendrerit. Etiam sit amet arcu sem. Morbi eu nibh condimentum, interdum est quis, tempor nisi. Vivamus convallis erat in pharetra elementum. Phasellus metus neque, commodo vitae venenatis sed, pellentesque non purus. Pellentesque egestas convallis suscipit. Ut luctus, leo quis porta vulputate, purus purus pellentesque ex, id consequat mi nisl quis eros. Integer ornare libero quis risus fermentum consequat. Mauris pharetra odio sagittis, vulputate magna at, lobortis nulla. Proin efficitur, nisi vel finibus elementum, orci sem volutpat eros, eget ultrices velit mi sagittis massa. Vestibulum sagittis ullamcorper cursus. Ut turpis dolor, tempor ut tellus et, sodales ultricies elit. Ut pharetra tristique est ac dictum. Integer ac consectetur purus, vehicula efficitur urna. Donec ultrices accumsan ipsum vitae faucibus. Quisque malesuada ex nisi, a bibendum erat commodo in. Pellentesque suscipit varius gravida. Nam scelerisque est sit amet laoreet pharetra. Vivamus quis ligula sed lacus mattis mollis. Vivamus facilisis orci rutrum nulla porta dignissim. Fusce fermentum id nibh laoreet volutpat. Suspendisse venenatis, risus sed euismod finibus, risus arcu fringilla augue, nec vulputate felis nisl et enim. In ornare, massa a cursus cursus, nisl mi or', 14),
(12, 'Lorem ipsum dolor sit amet, consectetur adipiscing elit. Quisque sapien velit, aliquet eget commodo nec, auctor a sapien. Nam eu neque vulputate diam rhoncus faucibus. Curabitur quis varius libero. Lorem ipsum dolor sit amet, consectetur adipiscing elit. Aliquam placerat sem at mauris suscipit porta. Cras metus velit, elementum sed pellentesque a, pharetra eu eros. Etiam facilisis placerat euismod. Nam faucibus neque arcu, quis accumsan leo tincidunt varius. In vel diam enim. Sed id ultrices ligula. Maecenas at urna arcu. Sed quis nulla sapien. Nam felis mauris, tincidunt at convallis id, tempor molestie libero. Quisque viverra sollicitudin nisl sit amet hendrerit. Etiam sit amet arcu sem. Morbi eu nibh condimentum, interdum est quis, tempor nisi. Vivamus convallis erat in pharetra elementum. Phasellus metus neque, commodo vitae venenatis sed, pellentesque non purus. Pellentesque egestas convallis suscipit. Ut luctus, leo quis porta vulputate, purus purus pellentesque ex, id consequat mi nisl quis eros. Integer ornare libero quis risus fermentum consequat. Mauris pharetra odio sagittis, vulputate magna at, lobortis nulla. Proin efficitur, nisi vel finibus elementum, orci sem volutpat eros, eget ultrices velit mi sagittis massa. Vestibulum sagittis ullamcorper cursus. Ut turpis dolor, tempor ut tellus et, sodales ultricies elit. Ut pharetra tristique est ac dictum. Integer ac consectetur purus, vehicula efficitur urna. Donec ultrices accumsan ipsum vitae faucibus. Quisque malesuada ex nisi, a bibendum erat commodo in. Pellentesque suscipit varius gravida. Nam scelerisque est sit amet laoreet pharetra. Vivamus quis ligula sed lacus mattis mollis. Vivamus facilisis orci rutrum nulla porta dignissim. Fusce fermentum id nibh laoreet volutpat. Suspendisse venenatis, risus sed euismod finibus, risus arcu fringilla augue, nec vulputate felis nisl et enim. In ornare, massa a cursus cursus, nisl mi ornare mauris, nec porttitor risus erat ut odio. Integer malesuada hendrerit purus ullamcorper molestie. Fusce imperdiet orci vitae purus suscipit rutrum.Lorem ipsum dolor sit amet, consectetur adipiscing elit. Quisque sapien velit, aliquet eget commodo nec, auctor a sapien. Nam eu neque vulputate diam rhoncus faucibus. Curabitur quis varius libero. Lorem ipsum dolor sit amet, consectetur adipiscing elit. Aliquam placerat sem at mauris suscipit porta. Cras metus velit, elementum sed pellentesque a, pharetra eu eros. Etiam facilisis placerat euismod. Nam faucibus neque arcu, quis accumsan leo tincidunt varius. In vel diam enim. Sed id ultrices ligula. Maecenas at urna arcu. Sed quis nulla sapien. Nam felis mauris, tincidunt at convallis id, tempor molestie libero. Quisque viverra sollicitudin nisl sit amet hendrerit. Etiam sit amet arcu sem. Morbi eu nibh condimentum, interdum est quis, tempor nisi. Vivamus convallis erat in pharetra elementum. Phasellus metus neque, commodo vitae venenatis sed, pellentesque non purus. Pellentesque egestas convallis suscipit. Ut luctus, leo quis porta vulputate, purus purus pellentesque ex, id consequat mi nisl quis eros. Integer ornare libero quis risus fermentum consequat. Mauris pharetra odio sagittis, vulputate magna at, lobortis nulla. Proin efficitur, nisi vel finibus elementum, orci sem volutpat eros, eget ultrices velit mi sagittis massa. Vestibulum sagittis ullamcorper cursus. Ut turpis dolor, tempor ut tellus et, sodales ultricies elit. Ut pharetra tristique est ac dictum. Integer ac consectetur purus, vehicula efficitur urna. Donec ultrices accumsan ipsum vitae faucibus. Quisque malesuada ex nisi, a bibendum erat commodo in. Pellentesque suscipit varius gravida. Nam scelerisque est sit amet laoreet pharetra. Vivamus quis ligula sed lacus mattis mollis. Vivamus facilisis orci rutrum nulla porta dignissim. Fusce fermentum id nibh laoreet volutpat. Suspendisse venenatis, risus sed euismod finibus, risus arcu fringilla augue, nec vulputate felis nisl et enim. In ornare, massa a cursus cursus, nisl mi or', 15),
(13, 'Lorem ipsum dolor sit amet, consectetur adipiscing elit. Quisque sapien velit, aliquet eget commodo nec, auctor a sapien. Nam eu neque vulputate diam rhoncus faucibus. Curabitur quis varius libero. Lorem ipsum dolor sit amet, consectetur adipiscing elit. Aliquam placerat sem at mauris suscipit porta. Cras metus velit, elementum sed pellentesque a, pharetra eu eros. Etiam facilisis placerat euismod. Nam faucibus neque arcu, quis accumsan leo tincidunt varius. In vel diam enim. Sed id ultrices ligula. Maecenas at urna arcu. Sed quis nulla sapien. Nam felis mauris, tincidunt at convallis id, tempor molestie libero. Quisque viverra sollicitudin nisl sit amet hendrerit. Etiam sit amet arcu sem. Morbi eu nibh condimentum, interdum est quis, tempor nisi. Vivamus convallis erat in pharetra elementum. Phasellus metus neque, commodo vitae venenatis sed, pellentesque non purus. Pellentesque egestas convallis suscipit. Ut luctus, leo quis porta vulputate, purus purus pellentesque ex, id consequat mi nisl quis eros. Integer ornare libero quis risus fermentum consequat. Mauris pharetra odio sagittis, vulputate magna at, lobortis nulla. Proin efficitur, nisi vel finibus elementum, orci sem volutpat eros, eget ultrices velit mi sagittis massa. Vestibulum sagittis ullamcorper cursus. Ut turpis dolor, tempor ut tellus et, sodales ultricies elit. Ut pharetra tristique est ac dictum. Integer ac consectetur purus, vehicula efficitur urna. Donec ultrices accumsan ipsum vitae faucibus. Quisque malesuada ex nisi, a bibendum erat commodo in. Pellentesque suscipit varius gravida. Nam scelerisque est sit amet laoreet pharetra. Vivamus quis ligula sed lacus mattis mollis. Vivamus facilisis orci rutrum nulla porta dignissim. Fusce fermentum id nibh laoreet volutpat. Suspendisse venenatis, risus sed euismod finibus, risus arcu fringilla augue, nec vulputate felis nisl et enim. In ornare, massa a cursus cursus, nisl mi ornare mauris, nec porttitor risus erat ut odio. Integer malesuada hendrerit purus ullamcorper molestie. Fusce imperdiet orci vitae purus suscipit rutrum.Lorem ipsum dolor sit amet, consectetur adipiscing elit. Quisque sapien velit, aliquet eget commodo nec, auctor a sapien. Nam eu neque vulputate diam rhoncus faucibus. Curabitur quis varius libero. Lorem ipsum dolor sit amet, consectetur adipiscing elit. Aliquam placerat sem at mauris suscipit porta. Cras metus velit, elementum sed pellentesque a, pharetra eu eros. Etiam facilisis placerat euismod. Nam faucibus neque arcu, quis accumsan leo tincidunt varius. In vel diam enim. Sed id ultrices ligula. Maecenas at urna arcu. Sed quis nulla sapien. Nam felis mauris, tincidunt at convallis id, tempor molestie libero. Quisque viverra sollicitudin nisl sit amet hendrerit. Etiam sit amet arcu sem. Morbi eu nibh condimentum, interdum est quis, tempor nisi. Vivamus convallis erat in pharetra elementum. Phasellus metus neque, commodo vitae venenatis sed, pellentesque non purus. Pellentesque egestas convallis suscipit. Ut luctus, leo quis porta vulputate, purus purus pellentesque ex, id consequat mi nisl quis eros. Integer ornare libero quis risus fermentum consequat. Mauris pharetra odio sagittis, vulputate magna at, lobortis nulla. Proin efficitur, nisi vel finibus elementum, orci sem volutpat eros, eget ultrices velit mi sagittis massa. Vestibulum sagittis ullamcorper cursus. Ut turpis dolor, tempor ut tellus et, sodales ultricies elit. Ut pharetra tristique est ac dictum. Integer ac consectetur purus, vehicula efficitur urna. Donec ultrices accumsan ipsum vitae faucibus. Quisque malesuada ex nisi, a bibendum erat commodo in. Pellentesque suscipit varius gravida. Nam scelerisque est sit amet laoreet pharetra. Vivamus quis ligula sed lacus mattis mollis. Vivamus facilisis orci rutrum nulla porta dignissim. Fusce fermentum id nibh laoreet volutpat. Suspendisse venenatis, risus sed euismod finibus, risus arcu fringilla augue, nec vulputate felis nisl et enim. In ornare, massa a cursus cursus, nisl mi or', 16);
INSERT INTO `paragraph` (`id_paragraph`, `content`, `id_article`) VALUES
(14, 'Lorem ipsum dolor sit amet, consectetur adipiscing elit. Quisque sapien velit, aliquet eget commodo nec, auctor a sapien. Nam eu neque vulputate diam rhoncus faucibus. Curabitur quis varius libero. Lorem ipsum dolor sit amet, consectetur adipiscing elit. Aliquam placerat sem at mauris suscipit porta. Cras metus velit, elementum sed pellentesque a, pharetra eu eros. Etiam facilisis placerat euismod. Nam faucibus neque arcu, quis accumsan leo tincidunt varius. In vel diam enim. Sed id ultrices ligula. Maecenas at urna arcu. Sed quis nulla sapien. Nam felis mauris, tincidunt at convallis id, tempor molestie libero. Quisque viverra sollicitudin nisl sit amet hendrerit. Etiam sit amet arcu sem. Morbi eu nibh condimentum, interdum est quis, tempor nisi. Vivamus convallis erat in pharetra elementum. Phasellus metus neque, commodo vitae venenatis sed, pellentesque non purus. Pellentesque egestas convallis suscipit. Ut luctus, leo quis porta vulputate, purus purus pellentesque ex, id consequat mi nisl quis eros. Integer ornare libero quis risus fermentum consequat. Mauris pharetra odio sagittis, vulputate magna at, lobortis nulla. Proin efficitur, nisi vel finibus elementum, orci sem volutpat eros, eget ultrices velit mi sagittis massa. Vestibulum sagittis ullamcorper cursus. Ut turpis dolor, tempor ut tellus et, sodales ultricies elit. Ut pharetra tristique est ac dictum. Integer ac consectetur purus, vehicula efficitur urna. Donec ultrices accumsan ipsum vitae faucibus. Quisque malesuada ex nisi, a bibendum erat commodo in. Pellentesque suscipit varius gravida. Nam scelerisque est sit amet laoreet pharetra. Vivamus quis ligula sed lacus mattis mollis. Vivamus facilisis orci rutrum nulla porta dignissim. Fusce fermentum id nibh laoreet volutpat. Suspendisse venenatis, risus sed euismod finibus, risus arcu fringilla augue, nec vulputate felis nisl et enim. In ornare, massa a cursus cursus, nisl mi ornare mauris, nec porttitor risus erat ut odio. Integer malesuada hendrerit purus ullamcorper molestie. Fusce imperdiet orci vitae purus suscipit rutrum.Lorem ipsum dolor sit amet, consectetur adipiscing elit. Quisque sapien velit, aliquet eget commodo nec, auctor a sapien. Nam eu neque vulputate diam rhoncus faucibus. Curabitur quis varius libero. Lorem ipsum dolor sit amet, consectetur adipiscing elit. Aliquam placerat sem at mauris suscipit porta. Cras metus velit, elementum sed pellentesque a, pharetra eu eros. Etiam facilisis placerat euismod. Nam faucibus neque arcu, quis accumsan leo tincidunt varius. In vel diam enim. Sed id ultrices ligula. Maecenas at urna arcu. Sed quis nulla sapien. Nam felis mauris, tincidunt at convallis id, tempor molestie libero. Quisque viverra sollicitudin nisl sit amet hendrerit. Etiam sit amet arcu sem. Morbi eu nibh condimentum, interdum est quis, tempor nisi. Vivamus convallis erat in pharetra elementum. Phasellus metus neque, commodo vitae venenatis sed, pellentesque non purus. Pellentesque egestas convallis suscipit. Ut luctus, leo quis porta vulputate, purus purus pellentesque ex, id consequat mi nisl quis eros. Integer ornare libero quis risus fermentum consequat. Mauris pharetra odio sagittis, vulputate magna at, lobortis nulla. Proin efficitur, nisi vel finibus elementum, orci sem volutpat eros, eget ultrices velit mi sagittis massa. Vestibulum sagittis ullamcorper cursus. Ut turpis dolor, tempor ut tellus et, sodales ultricies elit. Ut pharetra tristique est ac dictum. Integer ac consectetur purus, vehicula efficitur urna. Donec ultrices accumsan ipsum vitae faucibus. Quisque malesuada ex nisi, a bibendum erat commodo in. Pellentesque suscipit varius gravida. Nam scelerisque est sit amet laoreet pharetra. Vivamus quis ligula sed lacus mattis mollis. Vivamus facilisis orci rutrum nulla porta dignissim. Fusce fermentum id nibh laoreet volutpat. Suspendisse venenatis, risus sed euismod finibus, risus arcu fringilla augue, nec vulputate felis nisl et enim. In ornare, massa a cursus cursus, nisl mi or', 17),
(15, 'Lorem ipsum dolor sit amet, consectetur adipiscing elit. Quisque sapien velit, aliquet eget commodo nec, auctor a sapien. Nam eu neque vulputate diam rhoncus faucibus. Curabitur quis varius libero. Lorem ipsum dolor sit amet, consectetur adipiscing elit. Aliquam placerat sem at mauris suscipit porta. Cras metus velit, elementum sed pellentesque a, pharetra eu eros. Etiam facilisis placerat euismod. Nam faucibus neque arcu, quis accumsan leo tincidunt varius. In vel diam enim. Sed id ultrices ligula. Maecenas at urna arcu. Sed quis nulla sapien. Nam felis mauris, tincidunt at convallis id, tempor molestie libero. Quisque viverra sollicitudin nisl sit amet hendrerit. Etiam sit amet arcu sem. Morbi eu nibh condimentum, interdum est quis, tempor nisi. Vivamus convallis erat in pharetra elementum. Phasellus metus neque, commodo vitae venenatis sed, pellentesque non purus. Pellentesque egestas convallis suscipit. Ut luctus, leo quis porta vulputate, purus purus pellentesque ex, id consequat mi nisl quis eros. Integer ornare libero quis risus fermentum consequat. Mauris pharetra odio sagittis, vulputate magna at, lobortis nulla. Proin efficitur, nisi vel finibus elementum, orci sem volutpat eros, eget ultrices velit mi sagittis massa. Vestibulum sagittis ullamcorper cursus. Ut turpis dolor, tempor ut tellus et, sodales ultricies elit. Ut pharetra tristique est ac dictum. Integer ac consectetur purus, vehicula efficitur urna. Donec ultrices accumsan ipsum vitae faucibus. Quisque malesuada ex nisi, a bibendum erat commodo in. Pellentesque suscipit varius gravida. Nam scelerisque est sit amet laoreet pharetra. Vivamus quis ligula sed lacus mattis mollis. Vivamus facilisis orci rutrum nulla porta dignissim. Fusce fermentum id nibh laoreet volutpat. Suspendisse venenatis, risus sed euismod finibus, risus arcu fringilla augue, nec vulputate felis nisl et enim. In ornare, massa a cursus cursus, nisl mi ornare mauris, nec porttitor risus erat ut odio. Integer malesuada hendrerit purus ullamcorper molestie. Fusce imperdiet orci vitae purus suscipit rutrum.Lorem ipsum dolor sit amet, consectetur adipiscing elit. Quisque sapien velit, aliquet eget commodo nec, auctor a sapien. Nam eu neque vulputate diam rhoncus faucibus. Curabitur quis varius libero. Lorem ipsum dolor sit amet, consectetur adipiscing elit. Aliquam placerat sem at mauris suscipit porta. Cras metus velit, elementum sed pellentesque a, pharetra eu eros. Etiam facilisis placerat euismod. Nam faucibus neque arcu, quis accumsan leo tincidunt varius. In vel diam enim. Sed id ultrices ligula. Maecenas at urna arcu. Sed quis nulla sapien. Nam felis mauris, tincidunt at convallis id, tempor molestie libero. Quisque viverra sollicitudin nisl sit amet hendrerit. Etiam sit amet arcu sem. Morbi eu nibh condimentum, interdum est quis, tempor nisi. Vivamus convallis erat in pharetra elementum. Phasellus metus neque, commodo vitae venenatis sed, pellentesque non purus. Pellentesque egestas convallis suscipit. Ut luctus, leo quis porta vulputate, purus purus pellentesque ex, id consequat mi nisl quis eros. Integer ornare libero quis risus fermentum consequat. Mauris pharetra odio sagittis, vulputate magna at, lobortis nulla. Proin efficitur, nisi vel finibus elementum, orci sem volutpat eros, eget ultrices velit mi sagittis massa. Vestibulum sagittis ullamcorper cursus. Ut turpis dolor, tempor ut tellus et, sodales ultricies elit. Ut pharetra tristique est ac dictum. Integer ac consectetur purus, vehicula efficitur urna. Donec ultrices accumsan ipsum vitae faucibus. Quisque malesuada ex nisi, a bibendum erat commodo in. Pellentesque suscipit varius gravida. Nam scelerisque est sit amet laoreet pharetra. Vivamus quis ligula sed lacus mattis mollis. Vivamus facilisis orci rutrum nulla porta dignissim. Fusce fermentum id nibh laoreet volutpat. Suspendisse venenatis, risus sed euismod finibus, risus arcu fringilla augue, nec vulputate felis nisl et enim. In ornare, massa a cursus cursus, nisl mi or', 18),
(16, 'Lorem ipsum dolor sit amet, consectetur adipiscing elit. Quisque sapien velit, aliquet eget commodo nec, auctor a sapien. Nam eu neque vulputate diam rhoncus faucibus. Curabitur quis varius libero. Lorem ipsum dolor sit amet, consectetur adipiscing elit. Aliquam placerat sem at mauris suscipit porta. Cras metus velit, elementum sed pellentesque a, pharetra eu eros. Etiam facilisis placerat euismod. Nam faucibus neque arcu, quis accumsan leo tincidunt varius. In vel diam enim. Sed id ultrices ligula. Maecenas at urna arcu. Sed quis nulla sapien. Nam felis mauris, tincidunt at convallis id, tempor molestie libero. Quisque viverra sollicitudin nisl sit amet hendrerit. Etiam sit amet arcu sem. Morbi eu nibh condimentum, interdum est quis, tempor nisi. Vivamus convallis erat in pharetra elementum. Phasellus metus neque, commodo vitae venenatis sed, pellentesque non purus. Pellentesque egestas convallis suscipit. Ut luctus, leo quis porta vulputate, purus purus pellentesque ex, id consequat mi nisl quis eros. Integer ornare libero quis risus fermentum consequat. Mauris pharetra odio sagittis, vulputate magna at, lobortis nulla. Proin efficitur, nisi vel finibus elementum, orci sem volutpat eros, eget ultrices velit mi sagittis massa. Vestibulum sagittis ullamcorper cursus. Ut turpis dolor, tempor ut tellus et, sodales ultricies elit. Ut pharetra tristique est ac dictum. Integer ac consectetur purus, vehicula efficitur urna. Donec ultrices accumsan ipsum vitae faucibus. Quisque malesuada ex nisi, a bibendum erat commodo in. Pellentesque suscipit varius gravida. Nam scelerisque est sit amet laoreet pharetra. Vivamus quis ligula sed lacus mattis mollis. Vivamus facilisis orci rutrum nulla porta dignissim. Fusce fermentum id nibh laoreet volutpat. Suspendisse venenatis, risus sed euismod finibus, risus arcu fringilla augue, nec vulputate felis nisl et enim. In ornare, massa a cursus cursus, nisl mi ornare mauris, nec porttitor risus erat ut odio. Integer malesuada hendrerit purus ullamcorper molestie. Fusce imperdiet orci vitae purus suscipit rutrum.Lorem ipsum dolor sit amet, consectetur adipiscing elit. Quisque sapien velit, aliquet eget commodo nec, auctor a sapien. Nam eu neque vulputate diam rhoncus faucibus. Curabitur quis varius libero. Lorem ipsum dolor sit amet, consectetur adipiscing elit. Aliquam placerat sem at mauris suscipit porta. Cras metus velit, elementum sed pellentesque a, pharetra eu eros. Etiam facilisis placerat euismod. Nam faucibus neque arcu, quis accumsan leo tincidunt varius. In vel diam enim. Sed id ultrices ligula. Maecenas at urna arcu. Sed quis nulla sapien. Nam felis mauris, tincidunt at convallis id, tempor molestie libero. Quisque viverra sollicitudin nisl sit amet hendrerit. Etiam sit amet arcu sem. Morbi eu nibh condimentum, interdum est quis, tempor nisi. Vivamus convallis erat in pharetra elementum. Phasellus metus neque, commodo vitae venenatis sed, pellentesque non purus. Pellentesque egestas convallis suscipit. Ut luctus, leo quis porta vulputate, purus purus pellentesque ex, id consequat mi nisl quis eros. Integer ornare libero quis risus fermentum consequat. Mauris pharetra odio sagittis, vulputate magna at, lobortis nulla. Proin efficitur, nisi vel finibus elementum, orci sem volutpat eros, eget ultrices velit mi sagittis massa. Vestibulum sagittis ullamcorper cursus. Ut turpis dolor, tempor ut tellus et, sodales ultricies elit. Ut pharetra tristique est ac dictum. Integer ac consectetur purus, vehicula efficitur urna. Donec ultrices accumsan ipsum vitae faucibus. Quisque malesuada ex nisi, a bibendum erat commodo in. Pellentesque suscipit varius gravida. Nam scelerisque est sit amet laoreet pharetra. Vivamus quis ligula sed lacus mattis mollis. Vivamus facilisis orci rutrum nulla porta dignissim. Fusce fermentum id nibh laoreet volutpat. Suspendisse venenatis, risus sed euismod finibus, risus arcu fringilla augue, nec vulputate felis nisl et enim. In ornare, massa a cursus cursus, nisl mi or', 19);

-- --------------------------------------------------------

--
-- Structure de la table `users`
--

CREATE TABLE `users` (
  `id_user` int(11) NOT NULL,
  `handle` varchar(50) NOT NULL,
  `roles` tinyint(1) DEFAULT NULL,
  `mail` varchar(50) DEFAULT NULL,
  `password` varchar(255) NOT NULL
) ENGINE=InnoDB DEFAULT CHARSET=utf8 COLLATE=utf8_general_ci;

--
-- Déchargement des données de la table `users`
--

INSERT INTO `users` (`id_user`, `handle`, `roles`, `mail`, `password`) VALUES
(14, 'admin', 1, 'admin@hotmail.com', '$2y$10$c7UaoBDLThtDDf62.OxsMOd7xj.SYA9Hg1Rc9i2zjCxzcoGHeL8D.'),
(15, 'user', 0, 'user@gmail.com', '$2y$10$vQCBvef9sfPoEE00BRc7p./9V8ybkbEOAIr6yAH1bMg4Yqq99hwWS');

--
-- Index pour les tables déchargées
--

--
-- Index pour la table `article`
--
ALTER TABLE `article`
  ADD PRIMARY KEY (`id_article`),
  ADD UNIQUE KEY `title` (`title`),
  ADD KEY `id_category` (`id_category`);

--
-- Index pour la table `articlepicture`
--
ALTER TABLE `articlepicture`
  ADD PRIMARY KEY (`id_articlepicture`),
  ADD UNIQUE KEY `photo_link` (`photo_link`),
  ADD KEY `id_article` (`id_article`);

--
-- Index pour la table `category`
--
ALTER TABLE `category`
  ADD PRIMARY KEY (`id_category`);

--
-- Index pour la table `paragraph`
--
ALTER TABLE `paragraph`
  ADD PRIMARY KEY (`id_paragraph`),
  ADD KEY `id_article` (`id_article`);

--
-- Index pour la table `users`
--
ALTER TABLE `users`
  ADD PRIMARY KEY (`id_user`),
  ADD UNIQUE KEY `handle` (`handle`),
  ADD UNIQUE KEY `mail` (`mail`);

--
-- AUTO_INCREMENT pour les tables déchargées
--

--
-- AUTO_INCREMENT pour la table `article`
--
ALTER TABLE `article`
  MODIFY `id_article` int(11) NOT NULL AUTO_INCREMENT, AUTO_INCREMENT=20;

--
-- AUTO_INCREMENT pour la table `articlepicture`
--
ALTER TABLE `articlepicture`
  MODIFY `id_articlepicture` int(11) NOT NULL AUTO_INCREMENT, AUTO_INCREMENT=17;

--
-- AUTO_INCREMENT pour la table `category`
--
ALTER TABLE `category`
  MODIFY `id_category` int(11) NOT NULL AUTO_INCREMENT, AUTO_INCREMENT=4;

--
-- AUTO_INCREMENT pour la table `paragraph`
--
ALTER TABLE `paragraph`
  MODIFY `id_paragraph` int(11) NOT NULL AUTO_INCREMENT, AUTO_INCREMENT=17;

--
-- AUTO_INCREMENT pour la table `users`
--
ALTER TABLE `users`
  MODIFY `id_user` int(11) NOT NULL AUTO_INCREMENT, AUTO_INCREMENT=16;

--
-- Contraintes pour les tables déchargées
--

--
-- Contraintes pour la table `article`
--
ALTER TABLE `article`
  ADD CONSTRAINT `article_ibfk_1` FOREIGN KEY (`id_category`) REFERENCES `category` (`id_category`);

--
-- Contraintes pour la table `articlepicture`
--
ALTER TABLE `articlepicture`
  ADD CONSTRAINT `articlepicture_ibfk_1` FOREIGN KEY (`id_article`) REFERENCES `article` (`id_article`);

--
-- Contraintes pour la table `paragraph`
--
ALTER TABLE `paragraph`
  ADD CONSTRAINT `paragraph_ibfk_1` FOREIGN KEY (`id_article`) REFERENCES `article` (`id_article`);
COMMIT;

/*!40101 SET CHARACTER_SET_CLIENT=@OLD_CHARACTER_SET_CLIENT */;
/*!40101 SET CHARACTER_SET_RESULTS=@OLD_CHARACTER_SET_RESULTS */;
/*!40101 SET COLLATION_CONNECTION=@OLD_COLLATION_CONNECTION */;
